Feature,IncNodePurity
c5,0
c6,0
c8,0
c16,0
c23,0
c24,0
c26,0
c30,0
c34,0
c35,0
c37,0
c43,0
c44,0
c55,0
c58,0
c66,0
c70,0
c71,0
c76,0
c78,0
c79,0
c86,0
c87,0
c98,0
c99,0
c101,0
c104,0
c111,0
c114,0
c115,0
c118,0
c121,0
c129,0
c133,0
c137,0
c138,0
c139,0
c149,0
c151,0
c158,0
c159,0
c162,0
c166,0
c172,0
c175,0
c176,0
c180,0
c185,0
c191,0
c192,0
c194,0
c195,0
c198,0
c201,0
c202,0
c210,0
c212,0
c214,0
c218,0
c219,0
c226,0
c227,0
c228,0
c231,0
c234,0
c240,0
c241,0
c244,0
c247,0
c260,0
c263,0
c270,0
c271,0
c276,0
c282,0
c288,0
c292,0
c293,0
c299,0
c301,0
c303,0
c306,0
c310,0
c317,0
c325,0
c326,0
c329,0
c330,0
c333,0
c339,0
c341,0
c352,0
c357,0
c360,0
c369,0
c372,0
c376,0
c377,0
c380,0
c384,0
c386,0
c390,0
c393,0
c397,0
c403,0
c405,0
c408,0
c414,0
c415,0
c426,0
c428,2.039362569
c430,0
c431,0
c435,0
c440,3.762360783
c442,0
c446,0
c450,0
c454,0
c460,0
c464,0
c470,0
c473,0
c478,0
c485,0
c490,0
c491,0
c494,0
c500,0
c501,0
c502,0
c504,0
c510,0
c512,0
c513,0
c514,0
c520,0
c522,0
c532,0
c535,0.373705406
c543,0
c546,0
c547,0
c550,0
c552,28.41619501
c556,0
c560,0
c563,0.060785141
c564,0
c566,0
c575,0
c576,0
c579,0
c580,0
c583,0
c589,0
c590,0
c592,0
c596,0
c598,0
c599,0
c601,0
c610,0
c618,0
c619,0
c621,0
c625,0
c628,0
c633,0
c635,0
c636,0
c637,0
c639,0
c641,0
c643,0
c647,0
c648,0
c653,0
c658,0
c659,0.001697723
c661,0
c663,0
c669,0
c673,0
c687,0
c689,0
c698,0
c699,0
c704,0
c706,0
c707,0.287776505
c708,0
c728,0
c730,0
c732,0
c735,0
c738,0
c749,0
c750,0
c752,0
c755,0
c763,0
c778,0
c783,0
c794,0
c799,0
c805,0
c817,0
c818,0
c821,0
c825,0
c827,0
c828,0
c831,0
c834,0
c841,0
c842,0
c846,0
c849,0
c859,0
c860,0
c861,0
c862,0
c874,0
c878,0
c884,0
c888,0
c898,0
c901,0
c906,0
c908,0
c916,0
c918,0
c929,0
c936,0
c941,0
c946,0
c948,0
c955,0
c956,0
c959,0
c962,0
c963,0
c965,0
c968,0
c975,0
c976,0
c978,0
c979,0
c980,0
c983,0
c985,0
c992,0
c994,0
c1002,0
c1008,0
c1010,0
c1015,0
c1016,0
c1018,0
c1022,0
c1024,0
c1026,0
c1030,0
c1031,0
c1036,0
c1043,0
c1045,0
c1046,0
c1047,0
c1048,0
c1053,0
c1063,0
c1068,0
c1080,0
c1084,0
c1085,0
c1086,0
c1089,0
c1090,0
c1095,0
c1104,0
c1109,0
c1110,0
c1117,0
c1128,0
c1131,0
c1138,0
c1142,0
c1143,1.573588797
c1145,0
c1147,0
c1148,0
c1164,0
c1169,0
c1172,0
c1183,0
c1186,0
c1191,0
c1197,0
c1203,0
c1205,0
c1211,0
c1221,0
c1224,0
c1236,1.921772756
c1237,0
c1252,0
c1253,0
c1256,0
c1263,0
c1267,0
c1269,0
c1274,0
c1275,0
c1276,0
c1280,0
c1281,0
c1282,0
c1292,0
c1301,0
c1307,0
c1311,0
c1313,0
c1314,0
c1316,0
c1318,0
c1319,0
c1324,0.135214603
c1330,0
c1337,0
c1344,0
c1347,0
c1352,0
c1362,0
c1363,0
c1369,0
c1371,0
c1379,0
c1386,0
c1387,0
c1390,0
c1396,1.630046639
c1398,0
c1399,0
c1402,0
c1403,0
c1405,0
c1408,0
c1414,0
c1418,0
c1425,0
c1427,0
c1429,0
c1432,1.740320041
c1440,0
c1442,0
c1443,0
c1446,0
c1452,0
c1454,0
c1460,0
c1462,0
c1466,0
c1469,0
c1490,0
c1492,0
c1495,0
c1498,0
c1501,0
c1507,0
c1510,0
c1515,0
c1518,0
c1519,0
c1520,0
c1521,0
c1524,0
c1543,0
c1546,0
c1550,0
c1551,0
c1555,0.308014667
c1556,0
c1562,0
c1583,0
c1586,0
c1588,0
c1591,0
c1594,0
c1599,0
c1600,0
c1601,0
c1602,0
c1605,0
c1608,0
c1610,0
c1612,0
c1613,0
c1617,0
c1620,0
c1621,0
c1622,0
c1623,0
c1631,0
c1634,0
c1636,0
c1649,0
c1653,0
c1659,0
c1660,0
c1665,0
c1666,0
c1667,0
c1669,0
c1673,0
c1677,0
c1678,0
c1682,0
c1684,0
c1689,0
c1693,0
c1697,0
c1700,0
c1704,0
c1707,0
c1710,0
c1712,0
c1716,0
c1723,2.853898028
c1724,0
c1732,0
c1735,0.164163776
c1750,0
c1751,0
c1752,0
c1757,0.338349206
c1761,0
c1770,0
c1775,0
c1783,0
c1786,0
c1793,0
c1800,0
c1807,0
c1812,0
c1819,0
c1828,0
c1837,0
c1839,0
c1840,0
c1844,0
c1845,0
c1855,0
c1870,0
c1877,0
c1878,0
c1881,0
c1887,0
c1891,0
c1892,0
c1903,0
c1916,0
c1929,0
c1930,0
c1931,0
c1960,0
c1961,0
c1963,0
c1973,0
c1981,0
c1983,0
c1985,0
c1989,0
c1994,0
c1996,0
c1998,0
c2001,0
c2005,0
c2006,0
c2008,0
c2012,0
c2013,0
c2017,0
c2021,0
c2022,0
c2024,0
c2025,0
c2030,0
c2031,0
c2035,0
c2037,0
c2043,0
c2047,0
c2049,0
c2050,0
c2051,0
c2067,0
c2068,0
c2070,0
c2075,0
c2083,0
c2085,0
c2092,0
c2093,0.015019763
c2106,0
c2108,0
c2111,0
c2122,0
c2135,0
c2144,0
c2150,0
c2154,0
c2158,0
c2161,0
c2165,0
c2169,0
c2173,0
c2176,0
c2187,0
c2188,0
c2189,0
c2190,0
c2194,0
c2195,0.130279967
c2197,0
c2209,0
c2213,0
c2214,0
c2216,0
c2225,0
c2227,0
c2231,0.447916236
c2232,0
c2241,0
c2243,0
c2244,0
c2246,0
c2248,0
c2250,0.681803689
c2263,0
c2276,1.296772204
c2284,0
c2285,1.045821842
c2289,0
c2290,0
c2292,0
c2294,0
c2301,0
c2306,0
c2308,0
c2309,0
c2316,0
c2323,0
c2328,0
c2330,0
c2331,0
c2334,0
c2341,0
c2342,0
c2351,0
c2357,0
c2360,0
c2364,0
c2365,0
c2366,0
c2367,0
c2369,0
c2370,0
c2371,0
c2373,0
c2375,0
c2376,0
c2382,0
c2383,0
c2387,0
c2389,0
c2392,0
c2400,0
c2401,0
c2413,0
c2416,0
c2419,0
c2421,0
c2425,0
c2445,0
c2467,0
c2470,0
c2471,0
c2476,0
c2477,0
c2479,0
c2481,1.851851005
c2484,0
c2492,0
c2497,0
c2500,0
c2504,0
c2506,0
c2511,0
c2515,0
c2517,0
c2530,0
c2536,0
c2537,0
c2539,0
c2541,0
c2543,0
c2545,0
c2550,0
c2555,0
c2556,0
c2563,0
c2565,0
c2571,0
c2577,0
c2585,0
c2586,0
c2587,0
c2589,0
c2592,0
c2601,0
c2605,0
c2607,0
c2610,0
c2617,0
c2619,0
c2630,0
c2633,0
c2635,0
c2640,0
c2641,0
c2642,0
c2643,0
c2645,0
c2654,0
c2659,0
c2673,0
c2682,0
c2689,0
c2699,0
c2716,0
c2717,0
c2718,0
c2725,0
c2729,0
c2738,0
c2741,0
c2743,0
c2747,0
c2752,0
c2757,0
c2759,0
c2760,0
c2762,0
c2766,0
c2772,0
c2774,0
c2782,0
c2794,0
c2798,0
c2800,0
c2806,0
c2807,0
c2812,0
c2813,0
c2820,0
c2828,0
c2829,0
c2831,0
c2842,0
c2843,0
c2846,0
c2850,0
c2852,0
c2861,0
c2862,0
c2870,0
c2877,0
c2878,0
c2882,0
c2886,0
c2890,0
c2892,0.348896909
c2896,0
c2898,0
c2900,0
c2904,0
c2905,0
c2906,0
c2908,0
c2911,0
c2912,0
c2914,0
c2921,0
c2927,0
c2934,0
c2949,0
c2953,0
c2956,0
c2963,0
c2970,0
c2972,0
c2990,0
c2998,0
c2999,0
c3006,0
c3007,0
c3008,0
c3015,0
c3016,0
c3018,0
c3022,0
c3024,0
c3026,0
c3029,0
c3037,0
c3039,0
c3043,0
c3045,0
c3050,0
c3061,0
c3065,0
c3069,0
c3071,0
c3079,0
c3090,0
c3099,0
c3100,0
c3103,0
c3105,0
c3108,0
c3109,0
c3110,0
c3112,0
c3113,0
c3116,0
c3120,0
c3123,0
c3128,0
c3135,0
c3144,0
c3155,0
c3156,0
c3162,0
c3163,0
c3167,0
c3168,0
c3170,0
c3183,0
c3186,0
c3189,0
c3195,0
c3202,0
c3204,0
c3217,0
c3240,0
c3241,0
c3244,0
c3245,0
c3255,0
c3257,3.832371789
c3258,0
c3269,0
c3270,0
c3271,0
c3273,0
c3280,0
c3282,0
c3287,0
c3294,0.008872303
c3303,0
c3311,0
c3312,0
c3316,0
c3322,0
c3324,0
c3327,0
c3328,0
c3332,0
c3338,0
c3346,0
c3349,0
c3353,0
c3354,0
c3356,0
c3357,0
c3370,0
c3374,0
c3375,0
c3382,0
c3389,0
c3390,0
c3391,0
c3394,0
c3396,0
c3397,0
c3400,0
c3404,0
c3409,0
c3413,0
c3418,0
c3423,0
c3424,0
c3426,0
c3430,0
c3436,0
c3440,0
c3442,0
c3445,0
c3449,0
c3451,0
c3465,0
c3478,0
c3480,0
c3482,0
c3486,0
c3491,0
c3497,0
c3498,0
c3500,0
c3502,0
c3513,0
c3518,0
c3528,0
c3532,0
c3536,0
c3546,0
c3551,0
c3554,0
c3556,0
c3560,0
c3561,0
c3563,0
c3568,0
c3571,0
c3578,0
c3584,0
c3585,0
c3590,0
c3592,0
c3604,0
c3605,0
c3608,5.795142377
c3611,0
c3614,0
c3616,0
c3622,0
c3624,0
c3628,0
c3637,0
c3649,0
c3653,0
c3656,0
c3664,1.107964301
c3667,0.075896739
c3668,0
c3669,0
c3672,0
c3673,0
c3683,0
c3687,0
c3697,0
c3701,0
c3710,0
c3711,0
c3712,0
c3723,0
c3727,0
c3731,0
c3749,0
c3758,0
c3762,0
c3763,0
c3767,0
c3768,0
c3770,0
c3772,0
c3806,0
c3808,0
c3813,0
c3817,0
c3819,0
c3820,0
c3824,0
c3825,0
c3832,0
c3834,0
c3835,0
c3836,0
c3837,0
c3838,0
c3840,0
c3844,0.574275521
c3854,0
c3858,0
c3866,0
c3875,0
c3880,0
c3881,0
c3886,0
c3887,0
c3894,0
c3902,0
c3904,0
c3908,0
c3920,0
c3921,0.138510268
c3927,0
c3928,0
c3932,0
c3933,0
c3940,0
c3942,0
c3943,0
c3954,0
c3956,0
c3957,0
c3959,0
c3963,0
c3965,0
c3966,0
c3973,0
c3976,0
c3977,0
c3993,0
c3997,0
c4002,0
c4011,0
c4015,0
c4017,0
c4021,0
c4024,0
c4028,0
c4030,0
c4033,0
c4036,0
c4037,0
c4040,0
c4042,0
c4044,0
c4049,0
c4051,0
c4052,0.460195801
c4066,0
c4070,0
c4071,0
c4075,0
c4080,0
c4081,0
c4083,0
c4084,0.052883722
c4088,0
c4094,0
c4099,0
c4100,0
c4102,0
c4105,0
c4121,0
c4127,0
c4128,0
c4133,0
c4134,0
c4142,0.598709992
c4146,0
c4148,0
c4151,0
c4154,0
c4157,0
c4161,0
c4179,0
c4184,0
c4187,0
c4192,0
c4197,0
c4198,0
c4205,0
c4206,0
c4211,0
c4214,0
c4218,0
c4224,0
c4229,0
c4242,0
c4249,0
c4253,0
c4254,0
c4256,0
c4257,0
c4258,0
c4269,0
c4272,0
c4274,0
c4281,0
c4282,0
c4287,0
c4293,0
c4298,0
c4304,0
c4307,0
c4312,0
c4318,0
c4321,0
c4325,0
c4335,0
c4336,0
c4348,0
c4360,0
c4362,0
c4367,0
c4368,0
c4374,0
c4380,0
c4385,0
c4392,0
c4399,0
c4400,0
c4401,0
c4403,0
c4406,0
c4413,1.084879983
c4415,0.839699138
c4425,0
c4426,0
c4427,0
c4432,0
c4433,0
c4438,0
c4439,0
c4441,0
c4444,0
c4447,0
c4450,0
c4451,0.080681239
c4459,0
c4465,0
c4467,0
c4473,0
c4486,0
c4488,0
c4489,0
c4491,0.512666381
c4492,0
c4493,0
c4511,0
c4512,0
c4515,0
c4522,0
c4530,0
c4534,0
c4535,0
c4536,0
c4539,0
c4542,0
c4544,0
c4545,0
c4547,0
c4550,0
c4553,0
c4555,0
c4558,0
c4561,0
c4562,0
c4565,0
c4576,0
c4579,0
c4595,0
c4596,0
c4600,0
c4602,0
c4606,0
c4617,0
c4624,0
c4626,0
c4641,0
c4647,0
c4648,0
c4651,0
c4655,0
c4656,0
c4662,0
c4668,0
c4672,0
c4686,0
c4688,0
c4691,0
c4692,0
c4693,0
c4701,0
c4710,0
c4714,0
c4721,0
c4724,0
c4729,0
c4734,0
c4737,0
c4742,0
c4758,0
c4759,0
c4761,0
c4762,0
c4763,0
c4779,0
c4780,0
c4786,0
c4790,0
c4799,0
c4801,0
c4808,0.016990038
c4829,0
c4833,0
c4837,0
c4852,0
c4860,0
c4861,0
c4862,0
c4872,0
c4875,0
c4876,0
c4878,0
c4881,0
c4883,0
c4894,0
c4909,0
c4911,0
c4913,0
c4927,0
c4928,0
c4930,0
c4933,0
c4938,0
c4947,0
c4949,0
c4951,0
c4960,0
c4963,0
c4969,0
c4971,0
c4978,0
c4984,0
c4985,0
c4987,0
c4990,0
c4991,0
c4996,0
c5008,0
c5010,0
c5012,0
c5015,0
c5016,0
c5020,0
c5031,0
c5032,0
c5034,0
c5035,0
c5037,0
c5039,0
c5044,0
c5048,0
c5049,0
c5051,0
c5052,0
c5054,0
c5055,0
c5058,0
c5064,0
c5068,0
c5069,0
c5072,0
c5074,0
c5076,0
c5079,0
c5083,0
c5099,0
c5102,0
c5104,0
c5105,0
c5106,0
c5107,0
c5119,0
c5122,0
c5124,0
c5127,0
c5131,0
c5136,0
c5140,0
c5143,0
c5154,0
c5155,0
c5157,0
c5159,0
c5161,0
c5173,0
c5175,0
c5180,0
c5189,0
c5195,0
c5198,0
c5203,0
c5208,0.894784516
c5210,0
c5213,0
c5215,0
c5220,0
c5229,0
c5232,0
c5233,0
c5239,0
c5240,0
c5241,0
c5247,0
c5249,0
c5253,0
c5255,0
c5263,0
c5264,0
c5269,0
c5275,0
c5277,0
c5278,0
c5285,0
c5290,1.209650497
c5293,0
c5295,0.006256628
c5297,0
c5299,0
c5302,0
c5304,0
c5305,0
c5307,0.007056308
c5314,0
c5319,0
c5323,0
c5328,0
c5331,0
c5333,0
c5334,0
c5335,0
c5337,0
c5339,0
c5343,0
c5349,0
c5350,0
c5359,0
c5363,0
c5368,0.382655306
c5375,0
c5382,0
c5387,0
c5389,0.145133839
c5400,0
c5403,0
c5405,0
c5413,0
c5414,0
c5432,0
c5433,0
c5437,0
c5440,0
c5442,0
c5445,0
c5446,0
c5448,0
c5451,0
c5452,0
c5458,0
c5459,0
c5464,0
c5468,0
c5469,0
c5477,0
c5478,0
c5479,0
c5487,0
c5488,0
c5494,0
c5496,0
c5498,0
c5501,0
c5513,0
c5521,0
c5526,0
c5527,0
c5528,0
c5532,0
c5536,0
c5538,0
c5550,0
c5558,0
c5561,0
c5564,0
c5568,0
c5569,0
c5570,0
c5572,0
c5579,0
c5581,0
c5586,0
c5594,0
c5596,0
c5605,0
c5610,274.5822938
c5617,0
c5618,0
c5619,0
c5620,0
c5626,0
c5630,0
c5638,0
c5641,0
c5642,0
c5645,0
c5647,0
c5650,0
c5654,0
c5658,0
c5661,0
c5667,0
c5676,0
c5680,0
c5682,0
c5685,0
c5687,0
c5689,0
c5694,0
c5699,0
c5708,0
c5709,0
c5718,0
c5723,0
c5724,0
c5734,0
c5735,0
c5740,0
c5744,0
c5747,0
c5748,0
c5749,0.062471396
c5750,0
c5751,0
c5752,0
c5753,0
c5767,0
c5782,0
c5787,0
c5790,0
c5791,0
c5792,0
c5802,0
c5806,0
c5814,0
c5818,0
c5827,0
c5830,0
c5833,0
c5836,0
c5838,0
c5842,0
c5844,0
c5849,0
c5854,0
c5863,0
c5876,0
c5880,0
c5883,0
c5885,0
c5886,0
c5887,0
c5892,0
c5899,0
c5909,0
c5911,0
c5914,0
c5917,0
c5922,0
c5926,0
c5932,0
c5936,0
c5957,0
c5964,0
c5970,0
c5973,0
c5974,0
c5976,0
c5980,0
c5981,0
c5982,0
c5984,0
c5985,0
c5987,0
c6003,0
c6004,0
c6011,0
c6012,0
c6019,0
c6021,0
c6022,0
c6025,0
c6027,0
c6032,0
c6037,0
c6039,0
c6042,0
c6045,0
c6047,0
c6050,0
c6056,0
c6059,0
c6063,0
c6065,0
c6067,0
c6069,0
c6070,0
c6073,0
c6075,0
c6076,0
c6091,0
c6100,0
c6103,0
c6105,0
c6106,0
c6109,0
c6110,0
c6116,0
c6117,0
c6118,0
c6134,0
c6135,0
c6154,0
c6159,0
c6164,0
c6166,0
c6168,0
c6169,0
c6173,0
c6174,0
c6175,0
c6176,0
c6181,0
c6183,0
c6186,0
c6187,0
c6192,0
c6195,0
c6198,0
c6199,0
c6200,0
c6201,0
c6202,0
c6204,0
c6208,0
c6212,0
c6216,0
c6219,0.041895799
c6220,0
c6224,0
c6231,0
c6232,0
c6234,0
c6237,1.202469783
c6239,0
c6244,0
c6245,0
c6247,0
c6250,0
c6262,0
c6268,0
c6282,0
c6290,0
c6293,0
c6296,0
c6297,0
c6299,0
c6300,0
c6302,0
c6307,0
c6310,0
c6313,0
c6314,0
c6315,0
c6317,0
c6319,0
c6325,0
c6331,0
c6339,0
c6340,0
c6347,0
c6352,0
c6353,0
c6365,0
c6368,0
c6371,0
c6372,0
c6376,0
c6380,0
c6393,0
c6399,0
c6401,0
c6402,0.025587206
c6403,0
c6404,0
c6408,0
c6417,0
c6418,0
c6422,0
c6426,0
c6432,0
c6442,0
c6447,0
c6448,0
c6452,0
c6457,0
c6458,0
c6461,0
c6462,0
c6464,0
c6465,0
c6468,0
c6476,0
c6480,0
c6481,0
c6483,0
c6487,0
c6488,0
c6499,0
c6504,0
c6506,0
c6509,0
c6510,0
c6513,0
c6514,0
c6517,0
c6518,0
c6520,0
c6523,0
c6524,0
c6528,0
c6529,0
c6532,0
c6535,0
c6546,0
c6549,0
c6551,0
c6552,0
c6558,0
c6564,0
c6570,0
c6585,0
c6586,0
c6596,0
c6604,0
c6608,0.2318855
c6615,0
c6624,0
c6625,0
c6632,0
c6636,0
c6638,0
c6641,0
c6642,0
c6648,0
c6649,0
c6658,0
c6673,0
c6677,1.981320016
c6696,0
c6697,0
c6699,0
c6701,0
c6703,0
c6709,0
c6726,0
c6734,0
c6735,0
c6739,0
c6744,0
c6755,0
c6767,0
c6768,0
c6773,0
c6775,0
c6778,0
c6785,0
c6791,0
c6798,0
c6800,0
c6802,0
c6806,0
c6809,0
c6810,0
c6811,0
c6817,0
c6820,0
c6826,0
c6827,0
c6837,0
c6842,0
c6844,0
c6854,0
c6855,0
c6862,0
c6871,0
c6878,0
c6885,0
c6886,0
c6888,0
c6889,0
c6891,0
c6892,0
c6893,0
c6897,0
c6907,0
c6908,0
c6912,0
c6928,0
c6929,0.218058282
c6939,0
c6940,0
c6942,0
c6946,0
c6950,0
c6955,0
c6962,0
c6969,0
c6972,0
c6975,0
c6983,0
c6990,0
c6991,0
c6995,0
c6998,0
c7002,0
c7003,0
c7004,0
c7017,0
c7018,0
c7032,0
c7033,0
c7034,0
c7035,0
c7036,0
c7039,0
c7041,0
c7046,0
c7048,0
c7055,0.616852318
c7056,0
c7057,0
c7073,0
c7077,0
c7087,0
c7088,0
c7092,0
c7093,0
c7097,0
c7099,0
c7100,0
c7101,0
c7103,0
c7111,0
c7123,0
c7125,0
c7126,0
c7133,0
c7149,0
c7150,0
c7155,0
c7156,0
c7157,0
c7159,0
c7164,0
c7168,0
c7169,0
c7170,0
c7171,0
c7172,0
c7175,0
c7178,0
c7181,0
c7183,0
c7190,0
c7192,0
c7194,0
c7196,0
c7199,0
c7200,0
c7201,0
c7205,0
c7211,0
c7215,0
c7221,0
c7242,0
c7245,0
c7247,0
c7248,0
c7250,0
c7253,0
c7254,0
c7255,0
c7258,0
c7267,0
c7272,0
c7283,0
c7287,0
c7288,0
c7292,0
c7293,0
c7294,0
c7298,0
c7306,0
c7308,0
c7312,0
c7314,0.226331951
c7315,0
c7327,0
c7332,0
c7335,0
c7339,0
c7342,0
c7344,0
c7345,0
c7349,0
c7350,0
c7359,0
c7360,0
c7369,0
c7379,0
c7387,0
c7388,0
c7391,0
c7398,0
c7399,0
c7401,0
c7404,0
c7409,0
c7410,0
c7414,0
c7416,0
c7426,0
c7434,0
c7437,0
c7438,0
c7447,0
c7452,0
c7456,0
c7460,0
c7463,0
c7466,0
c7470,0
c7473,0
c7478,0
c7479,0
c7503,0
c7505,0
c7506,0
c7514,0
c7516,0
c7530,0.319269066
c7534,0.947158053
c7535,0
c7541,0
c7543,0
c7547,0
c7549,0
c7550,0
c7555,0
c7564,2.846515676
c7568,0
c7572,0
c7573,0
c7574,0
c7575,0
c7578,0
c7579,0
c7590,0
c7591,0
c7593,0
c7596,0
c7602,0
c7612,0
c7615,0
c7623,0
c7629,0
c7632,0
c7634,0
c7636,0
c7642,0
c7651,0
c7652,0
c7654,0
c7656,0
c7657,0
c7664,0
c7667,0
c7669,0
c7670,0
c7673,0
c7675,0
c7679,0
c7683,0
c7692,0
c7706,0.129667196
c7707,0
c7717,0
c7721,0
c7729,0
c7739,0
c7740,0
c7741,0
c7747,0.10656124
c7748,0
c7751,0
c7752,0
c7755,0
c7759,0
c7763,0
c7766,0
c7772,0
c7779,0
c7780,0
c7783,0
c7796,0
c7797,0
c7800,0
c7805,0
c7811,0
c7814,0
c7819,0
c7822,0
c7823,0
c7828,0
c7831,0
c7834,0
c7835,0
c7838,0
c7844,0
c7856,0
c7857,0
c7863,0
c7864,0
c7869,0
c7870,0
c7883,0
c7886,0
c7888,0
c7892,0
c7895,0
c7898,0
c7899,0
c7904,0
c7907,0
c7911,0
c7914,0
c7919,0
c7922,0
c7924,0
c7925,0
c7930,0
c7931,0
c7932,0.090657492
c7936,0
c7938,0
c7940,0
c7944,0
c7946,0
c7947,0
c7951,0
c7960,0
c7961,0.573820767
c7966,0
c7975,0
c7983,0
c7984,0
c7989,0
c7993,0
c8002,0
c8003,0
c8004,0
c8005,0
c8009,0
c8013,0
c8016,0
c8017,0
c8018,0
c8022,0
c8023,0
c8030,0
c8031,0
c8032,0
c8033,0
c8041,0
c8043,0
c8045,0
c8047,0
c8054,0
c8055,0
c8062,0
c8066,0
c8068,0
c8079,0
c8081,0
c8095,0
c8103,0
c8105,0
c8108,0
c8111,0
c8112,0
c8114,0
c8120,0
c8124,0
c8125,0
c8129,0
c8141,0
c8142,0
c8145,0
c8150,0
c8157,0
c8158,0
c8162,0
c8164,0
c8167,0
c8171,0
c8175,0
c8176,0
c8179,0
c8181,0
c8189,0
c8194,1.295622971
c8196,0
c8208,0
c8213,0
c8214,0
c8219,0
c8224,0
c8236,0
c8238,0
c8239,0
c8242,0
c8256,0
c8258,0
c8262,0
c8266,0
c8270,0
c8271,0
c8274,0
c8275,0
c8276,0
c8277,0
c8281,0
c8282,0
c8286,0
c8289,0
c8296,0
c8306,0
c8308,0
c8309,0
c8310,0
c8313,0
c8320,0
c8325,0
c8327,0
c8333,0
c8334,0
c8335,0
c8337,0
c8340,0
c8341,0
c8344,0
c8345,0
c8352,0
c8363,0
c8365,0
c8371,0
c8372,0
c8374,0
c8384,0
c8389,0
c8391,0
c8394,0
c8408,0
c8409,0
c8410,0
c8412,0
c8416,0
c8417,0
c8418,0
c8421,0
c8425,0
c8427,0
c8432,0
c8455,0
c8461,0
c8471,0
c8472,0
c8474,0
c8478,0
c8479,0
c8485,0
c8489,0
c8502,0
c8504,0
c8510,0
c8512,0
c8530,0
c8532,0
c8533,0
c8539,0
c8540,0
c8542,4.342230754
c8543,0
c8546,0
c8551,0
c8552,0
c8553,0
c8556,0
c8557,0
c8559,1.210203732
c8561,0
c8563,0
c8572,0
c8580,0
c8584,0
c8586,0
c8589,0
c8590,0
c8593,0
c8596,0
c8600,0
c8602,0
c8603,0
c8604,0
c8606,0
c8607,0
c8610,0
c8613,0
c8614,0
c8620,0
c8624,0
c8639,0
c8641,0
c8649,0
c8650,0
c8660,0
c8669,0
c8673,0
c8674,0
c8677,0
c8680,0
c8683,0
c8688,0
c8689,1.206576087
c8698,0
c8705,0
c8707,0
c8709,0
c8710,0
c8712,0
c8721,0
c8733,0
c8735,0
c8742,0.684108021
c8744,0
c8748,0
c8751,0
c8754,0
c8755,0
c8761,0
c8763,0
c8765,0.183868905
c8766,0
c8767,0
c8768,0
c8769,0
c8771,0
c8774,0
c8778,0
c8781,0
c8791,0
c8792,0
c8793,0
c8794,0
c8801,0
c8806,0
c8807,0
c8814,0
c8819,0
c8827,0
c8835,0
c8843,0
c8846,0
c8851,0
c8855,0
c8857,0
c8862,0
c8863,0
c8867,0
c8885,0
c8892,0
c8897,0
c8898,0
c8902,0
c8903,0
c8907,1.06921631
c8917,0.001469688
c8921,0
c8934,0
c8937,0
c8939,0
c8944,0
c8953,0
c8956,0
c8977,0
c8978,0
c8981,0
c8982,0
c8993,0
c8994,0
c8999,0
c9000,0
c9004,0
c9007,0
c9018,0
c9020,0
c9023,0
c9024,0
c9029,0
c9035,0
c9038,0.73216011
c9041,0
c9053,0
c9055,0
c9059,0
c9066,0
c9068,0
c9073,0
c9077,0
c9082,0
c9088,0
c9089,0
c9096,0
c9097,0
c9103,0
c9107,0
c9109,0
c9110,0
c9112,0
c9113,0
c9114,0
c9115,0
c9116,0
c9120,0
c9122,0
c9125,0
c9129,0
c9134,0.379392196
c9139,0
c9144,0
c9148,0
c9149,0
c9156,0
c9158,0
c9168,0
c9172,0
c9177,0
c9179,0
c9186,0
c9191,0
c9192,0
c9193,0
c9205,0
c9207,0
c9211,0
c9215,0
c9217,0
c9222,0
c9227,0.113713064
c9228,0
c9229,0
c9230,0
c9234,0
c9240,0
c9245,0
c9248,0
c9250,0
c9251,0
c9252,0
c9253,0
c9259,0
c9260,0
c9263,0
c9268,0
c9276,0
c9287,0
c9288,0
c9294,0
c9295,0
c9296,0
c9301,0
c9332,0
c9333,0
c9334,0
c9339,0.121915533
c9345,0
c9348,0
c9353,0
c9360,0
c9361,0
c9366,0
c9373,0
c9384,0
c9387,0
c9393,0
c9394,0
c9399,0
c9400,0
c9406,0
c9423,0
c9426,0
c9429,0
c9433,0
c9442,0
c9443,0
c9445,0
c9455,0
c9457,0
c9461,0
c9464,0
c9465,0
c9468,0
c9469,0
c9470,0
c9476,0
c9478,0
c9489,0
c9496,0
c9500,0
c9501,0
c9506,0
c9510,0
c9513,0
c9514,0.304072398
c9517,0
c9519,0
c9520,0
c9521,0
c9527,0
c9541,0
c9543,0
c9544,0
c9545,0
c9546,0
c9549,0
c9552,0
c9554,0
c9555,0
c9556,0
c9561,0
c9563,0
c9566,0
c9569,0
c9573,0
c9580,0
c9582,0
c9586,0
c9587,0
c9588,0
c9593,0
c9598,0
c9600,0.706162833
c9601,0
c9603,0
c9607,0
c9613,0
c9619,0
c9622,0
c9624,0
c9628,0
c9633,0
c9635,0
c9637,0
c9638,0
c9641,0
c9643,0
c9648,0
c9650,0
c9652,0
c9658,0
c9659,0
c9660,0
c9667,0
c9672,0
c9676,0
c9683,0
c9686,0
c9689,0
c9691,0
c9692,0
c9693,0
c9697,0
c9700,0
c9705,0
c9710,0
c9711,1.323533158
c9715,0
c9719,0
c9720,0
c9723,0
c9726,0
c9730,0
c9731,0
c9742,0
c9743,0
c9750,0
c9753,0
c9755,0
c9756,0
c9757,0
c9764,0
c9767,0
c9768,0
c9771,0
c9773,0
c9779,0
c9781,1.360921014
c9782,0
c9784,0
c9785,0
c9798,0
c9799,0
c9801,0
c9804,0
c9805,0
c9807,0
c9810,0
c9818,0
c9819,0
c9821,0
c9823,0
c9826,0
c9835,0
c9836,0
c9845,0
c9853,0
c9855,0
c9870,0
c9876,1.301022727
c9877,0
c9883,0
c9894,0
c9897,0
c9898,0
c9901,0
c9905,0
c9916,0
c9921,0
c9927,0
c9930,0
c9938,0
c9941,0
c9944,0
c9945,0
c9951,0
c9952,0
c9958,0
c9961,0
c9962,0
c9972,0
c9976,0
c9981,0
c9990,0
c9993,0
c9995,0
c10002,0
c10004,0
c10006,0
c10007,0
c10011,0
c10014,0
c10016,0
c10017,0
c10019,0
c10024,0
c10028,0
c10034,0
c10047,0
c10048,0
c10051,0
c10055,0
c10060,0
c10062,0
c10066,0
c10068,0
c10072,0
c10074,0
c10075,0
c10077,0
c10079,0
c10086,0
c10089,0
c10092,0
c10102,0
c10104,0
c10107,0
c10111,0
c10115,0
c10122,0
c10124,0
c10128,0
c10134,0
c10138,0
c10139,0
c10141,0
c10142,0
c10146,0
c10149,0
c10156,0
c10163,0
c10164,0
c10165,0
c10166,0
c10170,0
c10174,0
c10186,0
c10187,0
c10190,0
c10193,0
c10210,0
c10217,0
c10224,0
c10226,0
c10227,0
c10232,0
c10246,0
c10248,0
c10252,0
c10258,0
c10266,0
c10269,0
c10287,0
c10290,0
c10291,0
c10292,0
c10306,0
c10310,0
c10313,0
c10318,0
c10320,0
c10321,0
c10323,0
c10328,0
c10329,0
c10331,0
c10335,0
c10338,0
c10340,0
c10342,0
c10345,0
c10349,0
c10353,0
c10357,0
c10359,0
c10363,0
c10364,0
c10366,0
c10371,0
c10374,0
c10376,0
c10378,0
c10382,0
c10383,0
c10385,0
c10392,0.070999318
c10396,0
c10405,0
c10406,0
c10409,0
c10415,0
c10420,0.538979757
c10423,0.438934246
c10431,0
c10439,0
c10444,0
c10448,0.153846294
c10462,0
c10463,0
c10479,0
c10488,0
c10493,0
c10496,0
c10501,0
c10504,0
c10506,0
c10511,0
c10520,0
c10525,0
c10528,0
c10536,0
c10539,2.31684892
c10541,0
c10545,0
c10552,0
c10553,0
c10556,0
c10558,0
c10565,0
c10569,0
c10572,0
c10587,0
c10592,0
c10599,0
c10601,0
c10602,0
c10605,0
c10607,0
c10612,0
c10614,0
c10624,0
c10628,0
c10629,0
c10631,0
c10632,2.189601277
c10636,0
c10641,0
c10647,0
c10648,0
c10655,0
c10657,0
c10658,0
c10663,0
c10666,0.369716829
c10677,0
c10685,0
c10686,0
c10687,0
c10692,0
c10695,0
c10701,0
c10704,0
c10708,0
c10712,0
c10720,0
c10724,0
c10737,0
c10740,0
c10745,0
c10748,0
c10751,0
c10756,1.221584448
c10763,0
c10773,0
c10775,0
c10778,0
c10796,0
c10797,0
c10799,0
c10806,0
c10811,0
c10812,0
c10813,0
c10815,0
c10817,0
c10818,0
c10821,0
c10823,0
c10830,0
c10839,0
c10841,0
c10845,0
c10849,0
c10850,0
c10854,0
c10855,0
c10858,0
c10862,0
c10869,0.618394649
c10878,0
c10879,0
c10881,0
c10889,0
c10893,0
c10895,0
c10900,0
c10902,0
c10907,0
c10908,0
c10909,0
c10919,0
c10923,0
c10927,0
c10931,0
c10933,0
c10934,0
c10936,0
c10938,0
c10943,0
c10947,0.001516018
c10949,0
c10952,0
c10954,0
c10956,0
c10962,0
c10967,0
c10970,0
c10972,0
c10976,0
c10986,0
c10988,0
c10991,0
c10994,0
c10996,0
c11000,0
c11006,0
c11007,0
c11012,0
c11016,0
c11029,0
c11034,0
c11035,0
c11036,0
c11041,0
c11049,0
c11050,0
c11052,0
c11053,0
c11065,0
c11068,0
c11072,0
c11075,0
c11080,0
c11085,0
c11091,0
c11092,0
c11100,0
c11113,0
c11119,0
c11124,0
c11125,0
c11126,0.126508141
c11129,0
c11131,0
c11135,0
c11142,0
c11156,1.44611835
c11159,0
c11160,0
c11165,0
c11173,0
c11178,0
c11179,0
c11182,0
c11184,0
c11187,0
c11191,0
c11195,0
c11207,0
c11211,0
c11212,0
c11213,0
c11215,0
c11217,1.053108314
c11229,0
c11231,0
c11235,0
c11237,0
c11241,0
c11247,0
c11256,0
c11257,0
c11259,0
c11263,0
c11266,0
c11269,0
c11271,0
c11274,0
c11278,0
c11279,0
c11280,0
c11282,0
c11291,0
c11292,0
c11302,0
c11303,0
c11307,0
c11314,0
c11319,0
c11321,0
c11323,0
c11324,0
c11325,0
c11329,0
c11334,0
c11346,0
c11347,0
c11358,0
c11360,0
c11363,0
c11367,0
c11369,0
c11375,0
c11378,0
c11379,0
c11392,0
c11399,0
c11404,0
c11419,0
c11421,0
c11424,0
c11425,0
c11426,0
c11428,0
c11430,0
c11435,0
c11443,0
c11450,0
c11451,0
c11452,0
c11454,0
c11458,0
c11459,0
c11464,0
c11467,0
c11469,0
c11471,0
c11482,0
c11484,0
c11485,0
c11486,0
c11499,0
c11503,0
c11508,0
c11516,0
c11517,0
c11519,0
c11521,0
c11523,0
c11533,0
c11540,0
c11547,0
c11559,0
c11562,0
c11571,0
c11572,0
c11576,0
c11577,0
c11580,0
c11587,0
c11589,0
c11596,0
c11597,0
c11604,0
c11614,0
c11618,0
c11620,0
c11622,0
c11623,0
c11637,0
c11639,0
c11646,0
c11650,0
c11652,0
c11658,0
c11661,0
c11664,0
c11670,0
c11671,0
c11674,0
c11677,0
c11684,0
c11692,0
c11694,0
c11695,0
c11697,0
c11716,0
c11717,0
c11721,0
c11725,0
c11727,0
c11732,0
c11735,0
c11737,0.292431492
c11741,0
c11742,0
c11743,0
c11744,0
c11746,0
c11747,0
c11749,0
c11753,0
c11757,0
c11768,0
c11776,0
c11777,0
c11782,0.629912108
c11783,0
c11789,0
c11795,0
c11803,0
c11809,0
c11810,0
c11812,0
c11814,0
c11815,0
c11819,0
c11820,0
c11822,0
c11823,0
c11832,0
c11839,0
c11851,0
c11856,0
c11862,0
c11863,0.210934953
c11865,0
c11866,0
c11876,0
c11877,0
c11878,0
c11881,0
c11882,0
c11887,0
c11894,0
c11895,0
c11896,0
c11898,0
c11901,0
c11907,0
c11911,0
c11915,0
c11919,0
c11922,0
c11929,0
c11932,0
c11939,0
c11940,0
c11946,0
c11947,0
c11948,0
c11951,0
c11952,0
c11956,0
c11958,0
c11959,0
c11968,0
c11993,0
c11997,0
c11998,0
c11999,0
c12023,0
c12033,0
c12045,0
c12049,0
c12051,0
c12053,0
c12054,0
c12059,0
c12061,0
c12064,0
c12065,0
c12068,0
c12073,0
c12075,0
c12078,0
c12080,0
c12081,0
c12089,0
c12100,0
c12106,0
c12108,0
c12116,0
c12118,0
c12132,0
c12135,0
c12141,0
c12155,0
c12169,0
c12172,0
c12177,0
c12179,0
c12184,0
c12186,0
c12195,0
c12197,0
c12198,0
c12210,0
c12215,0
c12216,0
c12217,0.54360218
c12226,0
c12232,0
c12234,0
c12235,0
c12236,0.262925054
c12240,0
c12246,0
c12249,0
c12259,0
c12267,0
c12271,0
c12273,0
c12277,0
c12281,0
c12292,0
c12294,0
c12306,0
c12309,0
c12316,0
c12317,0
c12318,0
c12319,0
c12320,0
c12326,0
c12328,0
c12329,0
c12334,0
c12338,0
c12342,0
c12347,0
c12349,0
c12350,0
c12351,0
c12354,0
c12357,0
c12362,0
c12364,0
c12365,0
c12366,0
c12367,0
c12369,0
c12380,0
c12395,0
c12397,0
c12405,0
c12415,0
c12431,0
c12434,0
c12436,0
c12440,0
c12441,0
c12442,0
c12444,0
c12446,0
c12448,0
c12449,0.161262695
c12454,0
c12455,0
c12461,0
c12462,0
c12466,0
c12467,0
c12472,0
c12488,0
c12490,0
c12509,0
c12521,0
c12522,0
c12525,0
c12528,0
c12532,0
c12547,0
c12548,0
c12549,0
c12552,0
c12564,0
c12565,0
c12569,0
c12580,0
c12582,0
c12586,0
c12588,0
c12601,0
c12606,0
c12608,0
c12617,0
c12618,0
c12626,0
c12632,0
c12637,0
c12643,145.87868
c12652,0
c12655,0
c12656,0
c12661,0
c12665,0
c12667,0
c12670,0
c12676,0
c12677,0
c12686,0
c12695,0
c12696,0
c12699,0
c12700,0.214951581
c12703,0
c12704,0
c12705,1.733196325
c12713,0
c12714,0
c12716,0
c12717,0
c12718,0
c12724,0
c12725,0
c12730,0
c12734,0
c12738,0
c12744,0
c12745,0
c12763,0
c12766,0
c12771,0
c12772,0
c12778,0
c12782,0
c12791,0
c12793,0
c12795,0
c12796,0
c12797,0
c12802,0
c12807,0
c12809,0
c12812,0
c12813,0
c12814,0
c12815,0
c12817,0
c12818,0.14105311
c12826,0
c12829,0
c12830,0
c12837,0
c12839,0
c12841,0
c12849,0
c12853,0
c12855,0
c12856,0
c12864,0
c12870,0
c12871,0
c12877,0
c12880,0
c12881,0.007453416
c12888,0
c12889,0
c12891,0
c12893,0
c12894,0
c12896,0
c12897,0
c12899,0
c12902,0
c12905,0
c12907,0
c12909,0
c12913,0
c12921,0
c12924,0
c12937,0
c12940,0
c12943,0
c12944,0
c12959,0
c12960,0
c12962,0
c12972,0
c12973,0
c12977,0
c12978,0
c12979,0
c12981,0
c12984,0
c12985,0
c12987,0
c12989,0
c12999,0
c13005,0
c13007,0
c13012,0
c13016,0
c13018,0
c13021,0
c13025,0
c13026,0
c13037,0
c13056,0
c13059,0
c13060,0
c13064,0
c13069,0
c13073,0
c13076,0
c13080,0
c13082,0
c13090,0
c13094,0
c13095,0
c13098,0
c13105,0
c13106,0
c13107,0
c13109,0
c13114,0
c13115,0
c13119,0
c13130,0
c13133,0
c13141,0
c13146,0
c13149,0
c13151,0
c13168,0
c13175,0
c13181,0
c13183,0
c13186,0
c13191,0
c13197,0
c13199,0
c13214,0
c13218,0
c13222,0
c13231,0
c13232,0
c13236,0
c13237,0
c13246,0
c13247,0
c13249,0
c13252,0
c13253,0
c13259,0.238043478
c13265,1.433373037
c13267,0
c13269,0
c13271,0
c13273,0
c13274,0
c13277,0
c13279,0
c13287,0
c13294,0
c13297,0
c13302,0
c13304,0
c13306,0
c13319,0
c13320,0
c13325,0
c13327,0
c13329,0
c13339,0
c13343,0
c13346,0
c13347,0
c13357,0
c13361,0
c13366,0
c13368,0
c13370,0
c13372,0
c13374,0
c13382,0
c13386,0
c13389,0
c13391,0
c13402,0
c13403,0
c13409,0
c13410,0.331694666
c13412,0
c13414,0
c13421,0
c13427,0
c13435,0
c13437,0
c13438,0
c13444,3.16184557
c13448,0
c13451,0
c13453,0
c13460,0
c13463,0
c13464,0
c13466,0
c13471,0
c13472,0
c13475,0
c13480,0
c13481,0
c13482,0
c13485,0
c13486,0
c13496,0
c13497,0
c13502,0
c13507,0
c13509,0
c13518,0
c13523,0
c13524,0
c13534,0
c13540,0
c13546,0
c13551,0
c13557,0
c13558,0
c13562,0
c13571,0
c13575,0
c13576,0
c13582,0
c13587,0
c13591,0
c13595,0
c13598,0
c13599,0
c13606,0
c13608,0
c13611,0
c13620,0
c13624,0
c13625,0
c13627,0
c13629,0
c13633,0
c13638,0
c13648,1.669915966
c13650,0
c13655,0
c13658,0
c13659,0
c13663,0
c13664,0
c13672,0
c13674,0
c13681,0
c13682,0
c13687,0
c13693,0
c13699,0
c13701,0
c13703,0
c13717,0
c13720,0
c13723,0
c13726,0.338672522
c13732,0
c13734,0
c13737,0
c13742,0
c13743,0
c13753,0
c13760,0
c13764,0
c13766,0
c13770,0
c13774,0
c13780,0
c13783,0
c13785,0
c13794,0
c13798,0
c13799,0
c13801,0
c13806,0
c13807,0
c13809,0
c13812,0
c13815,0
c13820,0
c13823,0
c13824,0
c13825,0
c13827,0
c13830,0
c13831,0
c13837,0
c13839,0
c13840,0
c13845,0
c13848,0
c13851,0
c13854,0
c13857,0
c13860,0
c13861,0
c13864,0
c13865,0
c13868,0
c13874,0
c13881,0
c13886,0
c13892,0
c13893,0
c13895,0
c13901,0
c13904,0
c13908,0
c13909,0
c13921,0
c13926,0
c13933,0
c13940,0
c13944,0
c13946,0
c13948,0
c13962,0
c13964,0
c13969,0
c13970,0
c13976,0
c13980,0
c13981,0
c13984,0
c13987,0
c13995,0
c13998,0.174561048
c14001,0
c14005,0
c14007,0
c14009,0
c14013,0
c14018,0
c14023,1.187028484
c14032,0
c14035,0
c14036,0
c14047,0
c14049,0
c14051,0
c14063,0
c14066,0
c14067,0
c14070,0
c14075,0
c14076,0
c14082,0
c14087,0
c14094,0
c14103,0
c14105,0
c14109,0
c14112,0
c14116,0
c14121,0
c14122,0
c14123,0
c14129,0
c14130,0
c14136,91.23808623
c14138,0
c14140,0
c14146,0
c14151,0
c14153,0
c14154,0
c14160,0.542564588
c14162,0
c14164,0
c14169,0
c14170,0.045667271
c14174,0
c14185,0
c14190,0
c14192,0
c14196,0
c14207,0
c14208,0
c14220,0
c14229,0
c14232,0
c14235,0
c14236,0
c14237,0
c14239,0
c14244,0
c14247,0
c14252,0
c14256,0
c14264,0
c14271,0.756204641
c14272,0
c14274,0
c14279,0
c14282,0
c14287,0
c14291,0
c14294,0
c14297,0
c14298,0
c14300,0
c14303,0
c14304,0
c14314,0
c14315,0
c14318,0
c14322,0
c14323,0
c14325,0
c14338,0
c14341,0
c14347,0
c14348,0
c14353,0
c14356,0.471478285
c14358,0
c14362,0
c14363,0
c14365,0
c14367,0
c14371,1.519912313
c14373,0
c14374,0
c14375,0
c14377,0
c14382,0
c14392,0
c14397,0
c14401,0
c14404,0
c14406,0
c14410,0
c14414,0
c14420,0
c14423,0
c14425,0
c14428,0
c14429,0
c14433,0
c14435,0
c14437,0
c14438,0
c14441,0
c14445,0
c14449,0
c14460,0
c14467,0
c14469,0
c14472,0
c14476,0
c14478,0
c14481,0
c14500,0
c14515,0
c14524,0
c14540,0
c14543,0
c14548,0
c14558,0
c14559,0
c14564,0
c14569,0
c14571,0
c14577,0
c14583,0
c14599,0
c14600,0
c14607,0
c14613,0
c14616,0
c14618,0
c14621,0
c14622,0
c14626,1.203268098
c14628,0
c14632,0
c14634,0
c14640,0
c14652,0
c14664,0
c14666,0
c14668,0
c14670,0.058227273
c14671,0
c14685,0
c14689,1.103181563
c14704,0
c14708,0
c14712,0
c14713,0
c14715,0
c14719,0
c14724,0
c14727,0
c14729,0
c14731,0
c14735,0
c14740,0
c14742,0
c14743,0
c14747,0
c14749,0
c14752,0
c14754,0
c14755,0
c14761,0
c14762,0
c14763,0
c14766,0
c14773,0
c14778,0
c14779,0
c14787,0
c14790,0
c14792,0
c14795,0
c14799,0
c14800,0
c14801,0
c14802,82.67996311
c14811,0
c14812,0
c14817,0
c14821,0
c14826,0
c14829,0
c14835,0
c14838,0
c14844,0
c14845,0
c14846,0
c14856,0
c14858,0
c14864,0
c14865,0
c14866,0
c14869,0
c14871,0
c14874,0
c14875,0
c14878,0
c14879,0
c14880,0
c14886,0
c14890,0.0830474
c14891,0
c14893,0
c14901,0
c14902,0
c14910,0
c14913,0
c14929,0
c14936,0
c14947,0.95821414
c14948,0
c14954,0
c14973,0
c14977,0
c14978,0
c14985,0
c14996,0
c15001,0
c15002,0
c15004,0
c15016,0
c15018,0
c15019,0
c15025,0
c15026,0
c15028,0
c15038,0
c15039,0
c15046,0
c15048,0
c15050,0
c15059,0
c15076,0
c15083,0
c15086,0
c15093,0.906445909
c15096,0
c15102,0
c15110,0
c15113,0
c15116,0
c15118,0
c15120,0
c15122,0
c15130,0
c15141,0
c15145,0
c15154,0
c15158,0
c15159,0
c15161,0
c15162,0
c15168,0
c15173,0
c15185,0
c15188,0
c15189,0
c15191,0
c15192,0
c15193,0
c15194,0
c15195,0.558549044
c15201,0
c15209,0
c15210,0
c15214,0
c15215,0
c15216,0
c15225,0
c15229,0
c15236,0
c15237,0
c15244,0
c15247,0
c15248,0
c15262,0
c15269,0
c15274,0
c15278,0
c15279,1.165057443
c15281,0
c15286,0
c15288,0
c15290,0
c15296,0
c15299,0
c15320,0
c15328,0
c15334,0
c15339,0
c15340,0
c15341,0
c15348,0.984846051
c15353,0
c15358,0
c15361,3.114126496
c15372,0
c15375,0
c15383,0
c15384,0
c15385,0
c15386,0
c15394,0
c15397,0
c15398,0
c15400,0
c15405,0
c15408,0
c15409,0
c15415,0
c15419,0
c15421,0
c15424,0
c15427,0
c15433,0
c15440,0
c15441,0
c15442,0
c15444,0
c15446,0
c15455,0
c15461,0
c15462,0
c15465,0
c15466,0
c15481,0
c15490,0
c15491,0
c15500,0
c15504,0
c15505,0
c15507,0
c15515,0.974064964
c15516,0
c15529,0
c15539,0
c15546,0
c15551,0
c15552,0
c15553,0
c15556,0.272916335
c15558,0
c15559,0
c15575,0
c15579,0
c15580,0
c15583,0
c15594,0
c15602,0
c15608,0
c15614,0
c15617,0
c15620,0
c15622,0
c15625,0
c15626,0
c15627,0
c15629,0
c15635,0
c15637,0
c15640,0
c15644,0
c15645,0
c15649,0
c15653,0
c15656,0.795453139
c15661,0
c15665,0
c15668,0
c15672,0
c15680,0
c15686,0
c15697,0
c15702,0
c15712,0
c15715,0
c15716,0
c15719,0
c15724,0
c15729,0
c15731,0
c15733,0
c15736,0
c15741,0
c15747,0
c15757,0
c15764,0
c15769,0
c15770,0
c15771,0
c15772,0
c15773,0
c15774,0
c15775,0
c15777,0
c15782,0
c15783,0
c15790,0
c15793,0
c15810,0
c15815,0
c15816,0
c15817,0
c15819,0
c15820,0
c15823,0
c15832,0
c15847,0
c15849,1.314377596
c15854,0.556423394
c15857,0
c15861,0
c15866,0
c15870,0
c15871,0
c15877,0
c15883,0
c15893,0
c15901,0
c15903,0
c15911,0
c15926,0
c15927,0
c15933,0
c15935,0
c15937,0
c15942,0
c15943,0
c15948,0
c15950,0
c15960,0
c15961,0.145895309
c15965,0
c15967,0
c15968,0
c15969,0
c15982,0
c15986,0
c15988,0
c15990,0
c15997,0
c16000,0
c16003,0
c16004,0
c16014,0
c16019,0
c16023,0
c16029,0
c16036,0.119644563
c16046,0
c16047,0
c16050,0
c16051,0
c16055,0
c16061,0
c16064,0
c16070,0
c16071,0
c16076,0
c16077,0
c16078,0
c16092,0
c16096,0
c16099,0
c16100,0
c16104,0
c16108,0
c16115,0
c16121,0
c16126,0
c16128,0
c16147,0
c16153,0
c16155,0
c16156,0
c16159,0
c16160,0
c16161,0
c16166,0
c16168,0
c16173,0
c16179,0
c16190,0
c16191,0
c16192,0
c16194,0
c16198,0
c16204,0
c16205,0.445596609
c16209,0
c16215,0
c16237,0
c16238,0
c16247,0
c16248,0
c16262,0
c16264,0
c16266,0
c16268,0
c16269,0
c16270,0
c16284,0
c16286,0
c16288,0
c16290,0
c16301,0
c16306,0
c16312,0
c16321,0
c16327,0
c16328,0
c16333,0
c16338,0
c16349,0
c16350,0
c16351,0
c16354,0
c16356,0
c16357,0
c16361,0
c16363,0
c16366,0
c16375,0
c16376,0
c16378,0
c16380,0
c16383,0
c16389,0
c16391,0
c16393,0
c16395,0
c16397,0
c16398,0
c16401,0
c16415,0
c16416,0
c16418,0
c16427,0
c16435,0
c16441,0
c16447,0
c16448,0
c16452,0.280663086
c16454,0
c16457,0
c16466,0
c16467,1.215426591
c16471,0
c16472,0
c16487,0
c16488,0
c16490,0
c16493,0
c16496,0
c16500,0
c16506,0
c16511,0
c16515,0
c16519,0
c16520,0
c16525,0
c16531,0
c16535,0
c16542,0
c16544,0
c16553,0
c16555,0
c16562,0
c16565,0
c16571,0
c16574,0
c16579,10.05243972
c16582,0
c16588,0
c16594,0
c16597,0
c16599,0
c16602,0
c16603,0
c16605,0
c16611,0
c16615,0
c16619,0
c16620,0
c16624,0
c16626,0
c16629,0
c16641,0
c16644,0
c16652,0
c16653,0
c16657,0
c16663,0
c16664,0
c16665,0
c16667,0
c16674,0
c16687,0
c16692,0
c16711,0
c16715,0
c16718,0
c16719,0
c16722,0
c16723,0
c16727,0
c16729,0
c16735,0
c16739,0
c16740,0
c16741,0
c16745,0
c16751,0
c16764,0
c16768,0
c16772,0
c16776,0
c16787,0
c16813,0
c16821,0
c16823,0
c16824,0
c16826,0
c16827,0
c16830,0
c16832,0
c16833,0
c16836,0
c16839,0
c16840,0
c16848,0
c16849,0
c16850,0
c16854,0
c16863,0
c16867,0
c16868,0
c16874,0
c16880,0
c16888,0
c16889,0
c16891,0
c16894,0
c16897,0
c16901,0
c16902,0
c16905,0
c16912,0
c16920,0
c16927,0
c16929,0
c16932,0
c16948,0
c16956,0
c16958,0
c16959,0
c16961,0
c16966,0
c16968,0
c16973,0
c16980,0
c16993,0
c16994,0
c16998,0
c17011,0
c17015,0
c17020,0
c17027,0
c17034,0
c17035,0
c17039,0
c17051,0
c17052,0
c17056,0
c17060,0
c17066,0
c17072,0
c17084,0
c17087,0
c17090,0
c17095,0
c17096,0
c17098,0
c17110,0
c17115,0
c17117,0
c17120,0
c17122,0
c17123,0
c17124,0
c17125,0
c17130,0
c17142,0
c17155,0
c17175,0
c17178,0
c17179,0
c17182,0
c17184,0
c17188,0
c17189,0
c17193,0
c17197,0
c17198,0
c17200,0
c17203,0
c17206,0
c17207,0
c17216,0
c17218,0
c17225,0
c17227,0
c17228,0
c17236,0
c17237,0
c17240,0
c17246,0
c17249,0
c17251,0
c17253,0
c17262,0
c17263,0
c17268,0
c17269,0
c17273,0
c17277,0
c17280,0
c17282,0
c17283,0
c17284,0
c17287,0
c17300,0
c17305,0.673120555
c17309,0
c17318,0
c17324,0.044317154
c17326,0
c17328,0
c17330,0
c17336,0
c17337,0
c17339,0
c17341,0
c17343,0
c17348,0
c17359,0
c17361,0
c17362,0
c17365,0
c17366,0.106116518
c17367,0
c17374,0
c17375,0
c17381,0
c17384,0
c17385,0
c17386,0
c17387,0
c17388,0
c17390,0
c17393,0
c17394,0
c17403,0
c17405,0
c17411,0
c17414,0
c17415,0
c17417,0
c17421,0.381741411
c17425,0
c17426,0
c17435,0
c17438,0
c17440,0
c17443,0
c17444,0
c17448,0
c17449,0
c17450,0
c17451,0
c17455,0
c17456,0
c17458,0
c17470,0
c17487,0
c17493,0
c17496,0
c17498,0
c17499,0
c17501,0
c17507,0
c17508,0
c17511,0
c17521,0
c17531,0
c17532,0
c17533,0
c17549,0
c17556,0
c17562,0
c17565,0
c17569,0
c17575,0
c17580,0
c17582,0
c17587,0
c17593,0
c17599,0
c17600,0
c17605,0
c17606,0
c17611,0
c17613,0
c17618,0
c17619,0
c17624,0
c17627,0
c17632,0
c17635,0
c17640,0
c17648,0
c17654,0
c17662,0
c17666,0
c17667,0
c17669,0
c17675,0
c17676,0
c17686,0
c17694,0
c17695,0
c17698,0
c17700,0
c17703,0
c17705,0
c17708,0
c17712,0
c17716,0
c17717,0.805211776
c17718,0
c17724,0
c17727,0
c17729,0
c17742,0
c17743,0
c17745,0
c17756,0
c17758,0
c17761,0
c17762,0
c17775,0
c17783,0
c17787,0
c17788,0
c17791,0
c17798,0
c17799,0
c17801,0
c17806,0
c17811,0
c17816,0
c17819,0
c17821,0
c17830,0
c17832,0
c17844,0
c17861,0
c17879,0
c17882,0
c17884,0
c17885,0
c17892,0
c17893,0
c17894,0
c17900,0
c17905,0
c17906,0
c17924,0
c17930,0.176685759
c17935,0
c17937,0
c17958,0
c17967,0
c17971,0
c17974,0
c17977,0
c17978,0
c17979,0
c17986,0
c17993,0
c18007,0
c18015,0
c18016,0
c18018,0
c18020,0
c18026,0
c18027,0
c18028,0
c18034,0
c18036,0
c18038,0
c18041,0
c18049,0
c18053,0
c18057,0
c18063,0
c18073,0
c18079,0
c18080,0
c18083,0
c18087,0
c18088,0
c18089,0
c18095,0
c18099,0
c18101,0
c18103,0
c18111,0
c18117,0
c18122,0
c18128,0
c18129,0
c18141,0
c18145,0
c18148,0
c18150,0
c18156,0
c18157,0
c18158,0
c18165,0
c18173,0
c18178,0
c18183,0
c18186,0
c18189,0
c18192,0
c18196,0
c18201,0
c18207,0
c18209,0
c18215,0.09971521
c18219,0
c18223,0
c18225,0
c18234,0
c18236,0
c18241,0
c18253,0
c18257,0
c18259,0
c18264,0
c18268,0
c18278,0
c18279,0
c18285,0
c18288,0
c18293,0
c18300,0
c18311,0
c18316,0
c18321,0
c18324,0
c18327,0
c18328,0
c18329,0
c18330,0
c18337,0
c18346,0
c18348,0
c18349,0
c18351,0
c18352,0
c18359,0
c18361,0
c18365,0
c18377,0
c18379,0
c18380,0
c18382,0
c18384,0
c18387,0
c18397,0
c18400,0
c18401,0
c18402,0
c18406,0
c18412,0.03922678
c18414,0
c18415,0
c18419,0
c18421,0
c18430,0
c18431,0.073080846
c18432,0
c18433,0
c18441,36.22776244
c18443,0
c18446,0
c18452,0
c18455,0
c18460,0
c18468,0
c18472,0.133610546
c18477,0
c18481,0
c18482,0
c18483,0
c18484,0
c18485,0
c18494,0
c18499,0
c18500,0
c18505,1.927477179
c18507,0
c18508,0
c18511,0
c18512,0
c18514,0
c18523,0
c18524,0
c18526,0
c18528,0
c18533,0.285610023
c18538,0
c18542,0
c18544,0
c18545,0
c18550,0
c18555,0
c18566,0
c18571,0
c18573,0
c18581,0
c18583,0
c18594,0
c18595,0
c18605,0
c18606,0
c18607,0
c18608,0
c18610,0
c18614,0
c18617,0
c18630,0
c18635,0
c18638,0
c18646,0
c18647,0
c18649,0
c18651,0
c18653,0
c18660,0
c18664,0
c18674,0
c18676,0
c18678,0
c18679,0
c18683,0
c18690,0
c18692,0
c18699,0
c18702,0
c18703,0
c18713,0
c18716,0
c18720,0
c18726,0
c18730,0
c18733,0
c18734,0
c18737,0
c18738,0
c18753,0
c18754,0
c18756,0
c18759,0
c18763,0
c18769,0.769499614
c18771,0
c18772,1.028030365
c18774,0
c18776,0
c18779,0
c18780,0
c18791,0.217509398
c18793,0
c18794,0
c18803,0
c18805,0
c18808,0
c18812,0
c18813,0
c18817,0
c18818,0
c18819,0
c18825,0
c18842,0
c18850,0
c18851,0
c18860,0
c18880,0
c18885,0
c18897,0
c18902,0
c18907,0
c18911,0
c18917,0
c18919,0
c18923,0
c18927,0
c18929,0
c18930,0
c18933,0
c18934,0
c18935,0
c18939,0
c18941,0
c18951,0
c18952,0
c18957,0
c18967,0
c18969,0
c18974,0
c18987,0
c18990,0
c18991,0
c18996,0
c18997,0
c18998,0
c18999,0
c19004,0
c19005,0
c19013,0
c19016,0
c19018,0
c19022,0
c19023,0
c19026,0
c19027,0
c19035,0
c19038,0
c19040,0
c19042,0
c19063,0
c19067,0
c19068,0
c19069,0
c19077,0
c19079,0
c19085,0
c19086,0
c19087,0
c19095,0
c19101,0
c19110,0
c19111,1.094093407
c19114,0
c19115,0
c19119,0
c19126,0
c19135,0
c19136,0
c19137,0
c19138,0
c19160,0
c19161,0
c19163,0
c19170,0
c19171,0
c19173,0
c19187,0
c19188,0
c19198,0
c19202,0
c19207,0
c19218,0
c19220,0
c19222,0
c19226,0
c19233,0
c19235,0
c19237,0
c19242,0
c19243,0
c19249,0
c19254,0
c19255,0
c19262,0
c19263,0
c19264,0
c19266,0
c19273,0
c19278,0
c19286,0
c19292,0
c19300,0
c19301,0
c19303,0
c19304,0
c19312,0
c19313,0
c19317,0
c19320,0
c19323,0
c19326,0
c19330,0
c19332,0
c19342,0
c19344,0
c19347,0
c19349,0
c19350,0
c19355,0
c19359,0
c19361,0
c19362,0
c19371,0
c19373,0
c19374,0
c19375,0
c19377,0
c19390,0
c19391,0
c19394,0
c19403,0
c19412,0
c19416,0
c19427,0
c19428,0
c19443,0
c19453,0
c19454,0
c19457,0
c19460,0
c19461,0
c19468,0
c19471,0
c19479,0
c19483,0
c19484,0
c19516,0
c19518,0
c19525,0
c19536,0
c19542,0
c19546,0
c19550,0
c19554,0
c19555,0
c19558,0
c19559,0
c19561,0
c19563,0
c19570,0
c19571,0
c19574,0
c19581,0
c19583,0
c19584,0
c19585,0
c19589,0
c19591,0
c19594,0
c19603,0
c19606,0
c19609,0
c19612,0
c19613,0
c19614,0
c19618,0
c19622,0
c19628,0
c19634,0
c19637,0.102766798
c19642,0
c19643,0
c19644,0
c19647,0
c19655,0
c19667,0
c19673,0
c19675,0
c19679,0
c19680,0
c19681,0
c19687,0
c19696,0
c19697,0
c19699,0
c19700,0
c19702,0
c19705,0
c19710,0
c19724,0
c19726,0
c19730,0
c19732,0
c19736,0
c19741,0
c19744,0
c19750,0
c19752,0
c19756,0
c19765,0
c19777,0
c19780,0
c19783,0
c19784,0
c19785,0
c19790,0
c19793,0
c19794,0
c19798,0
c19800,0
c19801,0
c19806,0
c19810,0
c19813,0
c19816,0
c19819,0
c19820,27.38905482
c19822,0
c19823,0
c19832,0
c19836,0
c19837,0
c19842,0
c19845,0
c19852,0
c19853,0
c19854,0
c19855,0
c19859,0
c19862,0
c19863,0
c19872,0
c19873,0
c19874,0
c19877,0
c19880,0
c19882,0
c19883,0
c19887,0
c19890,0
c19891,0
c19894,0
c19897,0
c19907,0
c19908,0
c19911,0
c19915,0
c19918,0
c19921,0
c19932,0
c19933,0
c19940,0
c19942,0
c19943,0
c19946,0
c19949,0
c19954,0
c19962,0
c19971,0
c19973,0
c19980,0
c19997,0.001488982
c19998,0
c20000,0
c20001,0
c20008,0
c20009,0
c20015,0
c20029,0
c20031,0
c20041,0
c20042,0
c20048,0
c20051,0
c20052,0
c20053,0
c20054,0
c20056,0
c20060,0
c20062,0
c20063,6.395752934
c20066,0
c20067,0
c20070,0
c20073,0
c20074,0
c20084,0
c20086,0
c20087,0
c20092,0
c20098,0
c20100,0
c20102,0
c20106,0
c20107,0
c20109,0.223810811
c20112,0
c20115,0
c20117,0
c20119,0
c20123,0
c20124,0
c20128,0
c20130,0
c20131,0
c20134,0
c20137,0
c20142,0
c20147,0
c20149,0
c20160,0
c20162,0
c20169,0
c20172,0
c20176,0
c20181,0
c20200,0
c20203,0
c20209,0
c20212,0
c20214,0
c20216,0
c20224,0
c20226,0
c20232,0
c20240,0
c20244,0
c20252,0
c20258,0
c20260,0
c20262,0
c20266,0
c20267,0
c20268,0
c20269,0
c20271,0
c20278,0
c20279,0
c20280,0
c20284,0
c20285,0
c20294,0
c20300,0
c20302,0
c20303,0
c20306,0
c20307,0
c20313,0
c20316,0
c20318,0
c20330,0
c20339,0
c20340,0
c20350,0
c20352,0
c20355,0
c20359,0
c20360,0
c20366,0
c20373,0
c20381,0
c20382,0
c20387,0
c20388,0
c20390,0
c20402,0
c20403,0
c20405,0.012028986
c20429,0
c20435,0
c20444,0
c20471,0
c20477,1.440686813
c20487,0
c20491,0
c20498,0
c20499,0
c20500,0
c20505,0
c20509,0
c20510,0
c20517,0
c20518,0
c20523,0
c20526,0
c20532,0
c20533,0
c20536,0
c20542,0
c20543,0
c20545,0
c20551,0
c20555,0
c20562,0
c20567,0
c20570,0
c20573,0
c20576,0
c20577,0
c20582,0
c20587,0
c20615,0
c20635,0
c20642,0
c20646,0
c20655,0
c20663,0
c20664,0.430563975
c20666,0
c20671,0.06529694
c20675,0
c20676,0
c20677,0
c20679,0
c20680,0
c20691,0
c20694,0
c20699,0
c20700,0
c20701,0
c20706,0
c20707,0.452961672
c20711,0
c20715,0
c20718,0
c20719,2.101142449
c20725,0
c20728,0
c20729,0
c20737,0
c20738,0
c20741,0
c20744,0
c20747,0
c20748,0
c20756,0
c20759,0
c20760,0
c20761,0
c20762,0
c20780,0
c20782,0
c20783,0
c20785,0
c20786,0
c20797,0
c20798,0
c20803,0
c20808,0
c20810,0
c20811,0
c20819,0
c20822,0
c20823,0
c20828,0
c20832,0
c20835,0
c20840,0
c20843,0
c20845,0
c20847,0
c20849,0
c20852,0
c20854,0
c20868,0
c20871,0
c20876,0
c20878,0
c20879,0
c20887,1.20336038
c20891,0.131422218
c20894,0
c20899,0
c20900,0
c20912,0
c20914,0
c20927,0
c20928,0
c20932,0
c20942,0
c20944,0
c20949,0
c20952,0
c20954,0
c20956,0.183588222
c20957,0
c20959,0
c20964,0
c20969,0
c20971,0
c21005,0
c21009,0
c21011,0
c21018,0
c21020,0
c21021,0
c21025,0
c21036,0
c21048,0
c21055,0
c21059,0
c21064,0
c21071,0
c21072,0
c21078,0
c21079,0
c21082,0
c21085,0
c21086,0
c21087,0
c21096,0
c21107,0
c21108,0
c21119,0
c21122,0
c21124,0
c21131,0
c21132,0
c21134,0
c21139,0
c21146,0
c21147,0
c21153,0
c21155,0
c21157,0
c21159,0
c21160,0
c21162,0
c21166,0
c21173,0
c21181,0
c21183,0
c21184,0
c21190,0
c21198,0
c21202,0
c21205,0
c21206,0
c21207,0
c21209,0
c21213,0
c21215,0
c21216,0
c21217,0
c21219,0
c21235,0
c21237,0
c21248,0.291392991
c21250,0
c21261,0
c21265,0
c21279,0
c21280,0
c21282,0
c21285,0
c21288,0
c21292,0
c21297,0
c21298,0
c21299,0
c21301,0
c21308,0
c21312,0
c21314,0
c21328,0
c21332,0
c21333,0
c21335,0
c21339,0
c21342,0
c21346,0
c21360,0
c21361,0
c21364,0
c21369,0
c21370,0
c21371,0
c21375,0.766996605
c21380,0
c21383,0
c21384,0
c21387,0
c21391,0
c21393,0
c21408,0
c21415,0
c21419,0
c21421,0
c21426,0
c21428,0
c21431,0
c21434,0
c21437,0
c21450,0
c21453,0
c21454,0
c21465,0
c21466,0
c21482,0
c21485,0
c21487,0
c21495,0
c21508,0
c21511,0
c21517,0
c21524,0
c21530,0
c21531,0
c21533,0
c21542,0
c21552,0
c21554,0
c21555,0
c21557,0
c21559,0
c21560,0.657017846
c21562,0
c21566,0
c21569,0
c21573,0
c21576,0
c21582,0
c21584,0
c21589,0
c21592,0.531392832
c21603,0
c21606,0
c21619,0
c21620,0
c21623,0
c21626,0.085353535
c21632,0
c21635,0
c21643,0
c21645,0
c21661,0
c21663,0
c21665,0
c21667,0
c21671,0
c21676,0
c21684,0
c21685,0
c21689,0
c21698,0
c21702,0
c21707,0
c21708,0
c21709,0
c21710,0
c21711,0
c21726,0
c21730,0.119836957
c21738,0
c21744,0
c21752,0
c21771,0
c21788,0.236570107
c21791,0.209885925
c21793,0
c21794,0
c21796,0
c21806,0
c21809,0
c21816,0
c21819,0
c21826,0
c21827,0
c21831,0
c21833,0
c21836,0
c21838,0
c21843,0
c21844,0
c21851,0
c21856,0
c21857,0
c21860,0
c21864,0
c21866,0
c21871,0
c21874,0
c21875,0
c21885,0
c21889,0
c21891,0
c21892,0
c21899,0
c21901,0
c21903,0
c21905,0
c21912,0
c21916,0
c21921,0
c21929,0
c21931,0
c21937,0
c21939,0
c21947,0
c21950,0
c21956,0
c21959,0
c21961,0
c21963,0
c21964,0
c21972,0
c21977,0
c21982,1.568742025
c21985,0
c21991,0
c21995,0.246677019
c22003,0
c22005,0
c22006,0
c22007,0
c22009,0
c22016,0
c22020,0
c22029,0
c22032,0
c22035,0
c22036,0
c22040,0
c22042,0
c22054,0
c22055,0
c22057,0
c22060,0
c22073,0
c22077,0
c22080,0
c22085,0
c22086,0
c22087,0
c22090,0
c22095,0
c22100,0
c22103,0
c22110,0
c22112,0
c22114,0
c22117,0
c22119,0
c22120,0
c22122,0
c22129,0
c22133,0
c22145,0
c22152,0
c22153,0
c22160,0
c22162,0
c22166,0
c22167,0
c22172,0
c22175,0
c22178,0
c22187,0
c22194,0
c22199,0
c22212,0
c22220,0
c22224,0
c22228,0
c22243,0
c22247,0
c22249,0
c22255,0
c22259,0
c22262,0
c22263,0
c22265,0
c22268,0
c22278,0
c22279,0
c22284,0
c22289,0
c22297,0
c22299,0.703086239
c22307,0
c22310,0
c22313,0
c22318,0
c22320,0
c22321,0
c22325,0
c22326,0
c22327,0
c22328,0
c22331,0.0018218
c22332,0
c22338,0
c22342,0
c22346,0
c22364,0
c22376,0
c22380,0
c22383,0
c22385,0
c22387,0
c22392,0
c22398,0
c22404,0
c22415,0
c22418,0
c22421,0
c22428,0
c22436,0
c22439,0
c22440,0
c22443,0
c22444,0
c22445,0
c22446,0
c22447,0
c22453,0.960538553
c22455,0
c22464,0
c22465,0
c22466,0
c22468,0
c22473,0
c22476,0
c22480,0
c22488,0
c22491,0
c22495,0
c22499,0
c22502,0
c22504,0
c22510,0
c22513,0
c22516,0
c22523,0
c22528,0
c22530,0
c22534,0
c22536,0
c22543,0
c22546,0
c22550,0
c22551,0
c22553,0
c22556,0
c22574,0
c22576,0
c22585,0
c22592,2.47858995
c22593,0
c22594,0
c22598,0
c22603,0
c22616,0
c22624,0
c22628,0
c22629,0
c22634,5.548150825
c22651,0
c22652,0
c22655,0
c22657,0
c22660,0
c22664,0
c22669,0
c22677,0
c22681,0
c22684,0
c22690,0
c22691,0
c22692,0
c22694,0
c22696,0.102733866
c22704,0
c22711,0
c22716,0
c22720,0
c22722,0
c22733,0
c22744,0
c22745,0
c22748,0
c22762,0
c22772,0
c22773,0
c22776,0
c22781,0
c22783,0
c22785,0
c22788,0
c22789,0
c22794,0
c22799,0
c22800,0
c22806,0
c22808,0
c22809,0
c22814,0
c22818,0
c22820,0
c22821,0
c22822,0
c22825,0
c22829,0
c22831,1.384011021
c22838,0
c22841,0
c22843,0
c22844,0
c22845,0
c22846,0
c22847,0
